WeekStart,Tested20To40AntrimandNewtownabbey,Positive20To40AntrimandNewtownabbey,Tested20To40ArdsandNorthDown,Positive20To40ArdsandNorthDown,Tested20To40ArmaghCityBanbridgeandCraigavon,Positive20To40ArmaghCityBanbridgeandCraigavon,Tested20To40Belfast,Positive20To40Belfast,Tested20To40CausewayCoastandGlens,Positive20To40CausewayCoastandGlens,Tested20To40DerryCityandStrabane,Positive20To40DerryCityandStrabane,Tested20To40FermanaghandOmagh,Positive20To40FermanaghandOmagh,Tested20To40LisburnandCastlereagh,Positive20To40LisburnandCastlereagh,Tested20To40MidandEastAntrim,Positive20To40MidandEastAntrim,Tested20To40MidUlster,Positive20To40MidUlster,Tested20To40NewryMourneandDown,Positive20To40NewryMourneandDown,Tested40To60AntrimandNewtownabbey,Positive40To60AntrimandNewtownabbey,Tested40To60ArdsandNorthDown,Positive40To60ArdsandNorthDown,Tested40To60ArmaghCityBanbridgeandCraigavon,Positive40To60ArmaghCityBanbridgeandCraigavon,Tested40To60Belfast,Positive40To60Belfast,Tested40To60CausewayCoastandGlens,Positive40To60CausewayCoastandGlens,Tested40To60DerryCityandStrabane,Positive40To60DerryCityandStrabane,Tested40To60FermanaghandOmagh,Positive40To60FermanaghandOmagh,Tested40To60LisburnandCastlereagh,Positive40To60LisburnandCastlereagh,Tested40To60MidandEastAntrim,Positive40To60MidandEastAntrim,Tested40To60MidUlster,Positive40To60MidUlster,Tested40To60NewryMourneandDown,Positive40To60NewryMourneandDown,Tested60To80AntrimandNewtownabbey,Positive60To80AntrimandNewtownabbey,Tested60To80ArdsandNorthDown,Positive60To80ArdsandNorthDown,Tested60To80ArmaghCityBanbridgeandCraigavon,Positive60To80ArmaghCityBanbridgeandCraigavon,Tested60To80Belfast,Positive60To80Belfast,Tested60To80CausewayCoastandGlens,Positive60To80CausewayCoastandGlens,Tested60To80DerryCityandStrabane,Positive60To80DerryCityandStrabane,Tested60To80FermanaghandOmagh,Positive60To80FermanaghandOmagh,Tested60To80LisburnandCastlereagh,Positive60To80LisburnandCastlereagh,Tested60To80MidandEastAntrim,Positive60To80MidandEastAntrim,Tested60To80MidUlster,Positive60To80MidUlster,Tested60To80NewryMourneandDown,Positive60To80NewryMourneandDown,Tested80PlusAntrimandNewtownabbey,Positive80PlusAntrimandNewtownabbey,Tested80PlusArdsandNorthDown,Positive80PlusArdsandNorthDown,Tested80PlusArmaghCityBanbridgeandCraigavon,Positive80PlusArmaghCityBanbridgeandCraigavon,Tested80PlusBelfast,Positive80PlusBelfast,Tested80PlusCausewayCoastandGlens,Positive80PlusCausewayCoastandGlens,Tested80PlusDerryCityandStrabane,Positive80PlusDerryCityandStrabane,Tested80PlusFermanaghandOmagh,Positive80PlusFermanaghandOmagh,Tested80PlusLisburnandCastlereagh,Positive80PlusLisburnandCastlereagh,Tested80PlusMidandEastAntrim,Positive80PlusMidandEastAntrim,Tested80PlusMidUlster,Positive80PlusMidUlster,Tested80PlusNewryMourneandDown,Positive80PlusNewryMourneandDown,TestedUnder20AntrimandNewtownabbey,PositiveUnder20AntrimandNewtownabbey,TestedUnder20ArdsandNorthDown,PositiveUnder20ArdsandNorthDown,TestedUnder20ArmaghCityBanbridgeandCraigavon,PositiveUnder20ArmaghCityBanbridgeandCraigavon,TestedUnder20Belfast,PositiveUnder20Belfast,TestedUnder20CausewayCoastandGlens,PositiveUnder20CausewayCoastandGlens,TestedUnder20DerryCityandStrabane,PositiveUnder20DerryCityandStrabane,TestedUnder20FermanaghandOmagh,PositiveUnder20FermanaghandOmagh,TestedUnder20LisburnandCastlereagh,PositiveUnder20LisburnandCastlereagh,TestedUnder20MidandEastAntrim,PositiveUnder20MidandEastAntrim,TestedUnder20MidUlster,PositiveUnder20MidUlster,TestedUnder20NewryMourneandDown,PositiveUnder20NewryMourneandDown,Tested20To40,Positive20To40,Tested40To60,Positive40To60,Tested60To80,Positive60To80,Tested80Plus,Positive80Plus,TestedUnder20,PositiveUnder20,TestedAntrimandNewtownabbey,PositiveAntrimandNewtownabbey,TestedArdsandNorthDown,PositiveArdsandNorthDown,TestedArmaghCityBanbridgeandCraigavon,PositiveArmaghCityBanbridgeandCraigavon,TestedBelfast,PositiveBelfast,TestedCausewayCoastandGlens,PositiveCausewayCoastandGlens,TestedDerryCityandStrabane,PositiveDerryCityandStrabane,TestedFermanaghandOmagh,PositiveFermanaghandOmagh,TestedLisburnandCastlereagh,PositiveLisburnandCastlereagh,TestedMidandEastAntrim,PositiveMidandEastAntrim,TestedMidUlster,PositiveMidUlster,TestedNewryMourneandDown,PositiveNewryMourneandDown
24/02/2020,,,,,,,,,,,,,,,,,,,,,,,,,,,,,15,1,,,,,,,,,,,,,,,,,,,,,,,,,,,,,,,,,,,,,,,,,,,,,,,,,,,,,,,,,,,,,,,,,,,,,,,,,,,,,,,,,0,0,15,1,0,0,0,0,0,0,,,,,,,15,1,,,,,,,,,,,,,,
02/03/2020,7,1,,,16,4,21,2,,,,,,,,,,,,,,,,,6,1,13,3,14,2,2,1,,,,,,,,,,,,,,,,,,,,,,,,,,,,,,,,,,,,,,,,,,,,,,,,,,,,,,,,,,,,,10,1,,,,,,,,,,,,,,,,,44,7,35,7,0,0,0,0,10,1,7,1,6,1,39,8,35,4,2,1,,,,,,,,,,,,
09/03/2020,23,2,,,,,84,4,,,6,1,,,29,1,9,2,17,2,19,4,,,,,41,1,50,8,,,,,,,21,4,14,1,,,24,3,,,,,,,52,1,,,,,19,2,16,2,19,1,14,1,,,13,1,,,,,30,3,,,7,1,9,2,13,1,,,,,,,,,,,,,,,,,,,,,,,,,,,,,187,16,150,17,120,7,72,8,0,0,36,3,,,41,1,216,16,,,13,2,28,4,79,8,42,4,31,3,43,7
16/03/2020,,,56,1,23,1,115,8,,,14,1,11,3,55,6,,,9,1,29,1,32,3,50,4,28,2,114,8,11,2,18,2,13,1,48,3,17,3,,,26,1,30,3,41,7,38,1,72,10,,,16,2,,,28,3,22,4,,,44,1,22,4,,,31,2,66,7,,,,,15,1,30,4,23,4,,,,,19,1,,,,,,,,,,,,,,,,,,,,,312,22,357,29,291,31,187,22,19,1,103,11,147,12,120,6,367,33,11,2,48,5,39,5,161,16,62,11,9,1,99,3
23/03/2020,64,8,116,14,85,8,258,27,21,1,34,9,37,10,97,11,23,3,37,3,79,13,56,8,142,17,87,14,268,48,20,3,34,1,41,7,126,22,32,6,23,3,93,10,28,4,69,15,58,12,125,34,30,6,34,5,24,6,31,7,36,6,30,3,49,9,16,5,25,2,34,6,17,4,24,3,15,5,3,1,25,7,22,5,19,5,22,3,,,37,1,41,2,105,4,,,,,,,,,,,,,34,2,851,107,922,139,514,107,222,46,217,9,164,25,389,49,305,42,773,117,95,13,117,20,105,24,279,47,113,20,109,14,277,37
30/03/2020,50,12,91,10,94,17,233,50,47,6,70,8,,,120,25,42,12,36,3,78,6,74,14,115,18,90,17,290,86,46,5,81,14,31,5,130,28,58,14,40,5,74,15,45,14,76,14,57,14,181,57,29,4,49,10,25,8,52,9,29,6,36,9,44,9,13,2,38,4,55,9,107,32,17,2,30,12,17,2,38,12,23,5,17,3,18,4,,,28,2,,,66,4,20,2,33,1,,,,,17,1,21,1,19,1,861,149,1029,221,623,154,373,87,204,12,182,42,348,48,296,57,877,229,159,19,263,45,73,15,340,74,169,38,150,21,233,35
06/04/2020,80,16,70,8,118,12,211,31,56,7,100,13,,,85,16,80,15,69,19,57,12,107,21,90,7,146,30,279,75,81,12,95,23,45,6,103,13,104,27,76,13,72,8,39,2,73,11,83,15,183,46,44,12,35,4,13,2,60,8,41,2,8,2,41,7,26,2,51,15,70,17,137,52,20,7,24,3,14,4,52,15,22,3,15,7,37,5,24,1,,,45,1,74,6,,,17,1,14,1,18,2,23,1,28,1,,,926,149,1198,235,620,111,468,130,243,14,276,42,284,41,462,75,884,210,201,38,271,44,86,13,318,54,270,48,196,42,207,32
13/04/2020,70,9,83,13,131,29,281,54,48,14,54,8,31,2,99,11,83,10,70,7,67,9,84,17,89,9,162,39,265,64,71,11,51,5,,,109,14,16,2,83,11,86,11,64,13,94,5,73,12,199,39,53,9,46,4,,,61,16,71,12,46,10,64,5,72,45,74,3,62,22,196,82,53,14,30,5,12,1,80,35,55,20,34,8,69,12,0,0,20,2,36,6,65,4,,,,,,,27,1,20,1,,,27,1,1017,166,1016,183,771,125,737,247,195,15,290,84,360,32,464,108,1006,243,225,48,181,22,43,3,376,77,245,45,233,36,313,38
20/04/2020,77,17,70,3,178,16,263,37,44,1,66,2,37,4,66,5,47,2,90,8,103,7,88,10,82,6,15,1,290,31,57,8,109,9,,,106,12,69,10,84,13,121,11,68,12,89,6,115,15,264,42,66,11,84,7,,,75,6,53,8,50,8,77,6,28,11,84,10,97,35,297,88,74,21,44,2,25,2,99,32,60,20,45,7,98,22,26,1,26,2,41,4,68,6,,,,,,,,,,,,,35,4,1041,102,1021,111,941,121,951,250,196,17,287,51,351,27,446,71,1182,204,241,41,303,20,62,6,346,55,229,40,269,36,434,50
27/04/2020,223,22,164,13,286,26,450,37,126,7,176,2,62,9,138,10,146,11,165,20,202,14,253,15,175,15,314,24,496,33,189,4,270,10,85,5,173,20,175,24,197,23,191,8,144,13,166,8,197,12,378,28,167,5,173,2,81,1,110,4,150,16,128,8,113,10,171,22,166,18,218,27,351,44,178,13,85,1,,,111,8,153,14,,,96,10,39,2,,,55,2,90,3,23,1,55,1,23,2,36,3,29,5,42,1,45,1,2138,171,2518,181,1807,107,1529,157,437,21,830,74,671,54,1070,91,1765,145,683,30,759,16,251,17,568,45,653,70,532,52,647,43
04/05/2020,297,9,246,15,535,43,626,31,250,13,308,4,165,12,248,9,216,12,426,31,296,8,306,21,273,6,520,49,546,19,262,7,279,8,151,6,242,7,221,10,362,35,256,9,186,8,156,6,206,10,358,11,149,3,210,2,96,4,125,3,154,7,191,16,182,5,149,15,109,10,200,18,299,31,151,10,,,,,103,10,159,11,134,3,110,4,84,3,48,2,128,9,111,5,,,,,49,2,,,,,95,11,54,1,3613,187,3418,177,2013,75,1414,112,569,33,1022,56,832,39,1589,129,1940,97,812,33,797,14,461,24,718,29,750,40,1208,96,898,27
11/05/2020,251,12,205,13,799,33,613,22,184,4,242,3,235,19,240,8,164,7,383,25,252,8,270,14,270,16,627,54,624,16,195,3,251,5,212,10,264,14,203,11,351,19,241,15,161,4,191,7,262,8,362,7,130,2,185,2,154,2,156,7,107,6,166,15,165,4,112,7,176,10,202,14,372,17,84,4,77,2,,,197,7,117,14,132,6,126,5,79,3,56,1,143,3,140,3,48,1,90,2,72,3,,,46,3,129,5,65,2,3568,154,3508,177,2039,64,1595,86,868,26,873,40,898,47,2033,112,2111,65,641,14,845,14,673,34,857,36,637,41,1161,70,849,34
18/05/2020,294,5,240,9,554,25,706,22,217,13,211,3,227,12,303,14,226,4,368,19,346,15,268,8,275,6,580,26,621,16,199,12,228,8,233,14,286,13,228,10,314,15,312,13,159,4,185,8,322,11,447,4,174,1,181,2,116,5,133,6,166,2,174,13,199,6,136,6,163,6,265,5,306,12,162,14,,,,,,,168,6,82,2,122,3,75,1,,,125,8,172,1,58,1,,,86,4,53,1,49,1,93,7,101,4,3692,141,3544,141,2256,62,1404,54,812,28,932,24,863,29,1846,75,2252,55,810,41,620,13,662,35,775,34,837,23,1031,56,1080,41
25/05/2020,204,1,205,3,356,3,624,12,268,1,187,1,,,257,11,209,4,247,9,264,10,193,5,214,7,352,13,605,7,241,7,150,1,153,2,267,10,165,5,204,7,278,6,136,1,219,7,246,4,435,6,2,0,164,1,138,2,214,8,132,3,165,3,173,1,77,4,167,7,,,352,10,132,4,,,92,1,274,3,119,5,,,135,1,,,59,2,99,5,115,1,,,,,67,1,71,1,,,68,3,71,3,2821,55,2822,70,2024,36,1348,35,550,16,610,11,864,26,1053,25,2131,36,643,12,501,3,450,6,1083,33,625,17,684,22,921,21
01/06/2020,321,4,361,4,451,3,767,4,194,1,271,1,199,2,358,3,227,2,354,6,365,1,303,1,375,5,381,10,629,5,184,1,274,1,196,1,363,5,274,2,269,1,414,3,267,2,335,13,321,2,497,4,170,1,,,,,254,1,199,2,153,1,,,283,2,354,7,,,408,4,77,2,,,125,1,254,2,197,2,139,1,,,90,1,62,1,121,2,,,,,,,,,,,,,108,1,,,3868,31,3662,35,2196,26,1837,21,381,5,1264,10,1487,30,1274,17,2301,17,625,5,545,2,520,4,1229,11,897,8,1023,10,779,4
08/06/2020,,,297,4,349,1,617,4,,,,,,,248,5,174,2,211,2,334,2,270,1,301,6,298,1,663,4,,,226,1,,,282,5,180,8,196,3,356,1,,,293,4,,,509,5,,,,,249,1,,,193,2,189,1,,,200,2,258,7,201,2,411,3,276,2,,,,,199,6,162,4,,,,,,,77,3,78,1,121,1,,,,,,,,,47,2,,,,,2230,20,2772,30,1433,13,1707,26,323,7,470,3,1226,24,926,5,2321,17,276,2,226,1,249,1,729,16,756,18,596,6,690,3
15/06/2020,,,376,4,369,1,555,5,,,,,,,3,0,351,3,,,323,5,,,372,7,,,553,2,212,2,,,,,224,2,376,6,243,3,359,1,212,1,304,2,,,439,4,215,1,,,251,1,,,241,1,,,295,1,189,3,337,2,200,1,249,2,146,2,,,195,1,,,227,2,0,0,196,1,79,1,0,0,,,152,1,,,,,,,,,,,,,,,1977,18,2339,23,1957,11,1739,14,231,2,480,5,1389,15,569,2,1948,14,573,5,,,446,2,227,2,1195,12,243,3,1173,8
22/06/2020,288,1,305,2,326,1,489,2,,,,,237,1,168,1,272,1,,,375,1,3,0,320,1,,,,,,,,,,,201,2,249,4,1,0,,,,,,,,,419,1,197,1,,,,,,,181,2,,,243,1,140,1,,,,,201,4,163,3,,,,,90,3,220,1,96,1,148,2,,,,,,,,,,,,,,,,,,,,,,,2460,10,774,7,1040,5,1058,15,0,0,431,2,625,3,326,1,1109,7,360,4,,,237,1,459,6,922,8,97,1,766,4
29/06/2020,,,,,,,,,,,,,,,182,2,147,1,,,276,6,140,1,180,1,,,,,,,,,,,174,1,132,1,182,1,238,4,,,,,,,393,1,,,,,,,,,165,2,,,,,,,143,1,,,224,2,103,2,,,73,1,121,3,,,,,,,,,,,,,,,,,,,,,48,2,,,,,74,1,605,9,1046,9,558,3,664,9,122,3,140,1,323,2,,,617,3,103,2,,,73,1,525,8,444,4,182,1,588,11
06/07/2020,162,1,,,296,1,538,3,,,,,,,,,151,4,189,1,248,4,149,1,191,1,,,408,1,,,,,,,146,2,119,3,,,260,2,,,198,1,,,356,3,,,,,,,161,2,,,,,,,94,1,153,1,126,1,213,2,,,,,,,93,3,84,1,,,,,,,,,,,117,1,,,,,,,60,1,,,,,,,1584,14,1273,10,715,6,763,9,177,2,405,3,542,3,422,2,1632,10,,,,,,,460,8,354,8,189,1,508,6
13/07/2020,167,1,150,1,274,3,519,6,406,8,325,6,134,1,,,169,6,184,1,289,1,167,1,171,1,265,1,379,1,306,14,,,,,168,1,130,2,,,206,3,,,,,,,439,2,208,3,204,7,,,,,,,,,217,3,,,,,,,226,1,86,1,,,,,,,99,1,,,,,,,,,,,141,2,,,127,1,,,,,,,,,,,2617,34,1792,24,1068,15,411,3,268,3,334,2,321,2,539,4,1704,12,1006,26,656,14,134,1,168,1,398,9,184,1,712,7
20/07/2020,,,,,392,1,668,2,360,6,343,3,,,,,216,5,371,1,513,9,,,189,1,324,2,463,1,270,2,280,3,,,,,144,1,,,292,3,,,,,,,,,218,2,,,,,186,3,170,4,152,1,224,3,,,112,1,,,,,120,2,86,1,,,118,3,,,82,1,,,,,72,1,134,1,,,,,,,,,,,81,1,,,,,2863,27,1962,13,950,13,518,8,287,3,,,373,3,850,4,1131,3,968,12,709,7,,,304,6,611,11,605,3,1029,15
27/07/2020,,,,,398,2,677,9,201,2,278,2,158,1,,,214,12,255,2,507,14,,,,,316,3,444,1,194,4,,,,,,,192,2,180,2,325,9,218,1,,,,,421,1,149,3,,,,,,,181,5,185,1,263,3,118,2,,,,,,,,,,,,,,,,,,,,,,,,,,,,,81,4,,,,,,,,,,,173,12,2688,44,1651,21,1417,14,118,2,254,16,336,3,,,714,5,1542,11,625,13,278,2,158,1,,,587,19,620,5,1268,38
03/08/2020,495,5,372,1,664,2,1355,9,404,5,319,5,202,1,581,8,444,12,381,2,1112,10,375,4,,,,,905,13,353,8,,,,,400,5,363,12,267,1,746,9,261,6,316,1,,,601,7,250,2,,,,,,,297,5,215,1,531,1,136,1,198,1,234,1,314,1,159,1,,,,,,,229,3,,,,,174,4,,,243,3,462,7,,,,,,,238,4,140,1,127,2,415,9,6329,60,3409,52,2471,23,1270,8,1799,30,1441,20,886,3,1141,6,3637,37,1166,16,319,5,202,1,1219,17,1473,33,990,6,2804,29
10/08/2020,823,14,,,852,6,2488,38,585,5,575,4,,,764,4,858,31,459,4,1055,11,579,12,631,1,714,1,1411,20,506,10,472,1,,,594,7,608,18,365,1,849,5,365,8,407,1,452,1,834,6,360,5,,,289,1,,,324,6,,,472,4,256,3,370,2,363,2,689,2,398,8,,,,,,,185,3,236,1,285,3,294,8,201,1,256,1,731,13,176,5,207,2,154,1,287,8,343,17,,,478,12,8459,117,6729,76,3503,32,2782,24,3127,68,2317,45,1609,5,2637,11,6153,79,2025,33,1254,7,443,2,1645,19,2318,75,1060,6,3139,35
17/08/2020,1091,21,856,5,1018,10,3028,42,873,17,750,19,440,1,914,11,1095,42,864,5,975,7,787,17,763,1,767,2,1878,29,625,11,612,10,,,670,10,852,35,549,2,,,457,4,,,496,2,990,11,336,1,,,,,400,2,398,7,,,461,2,,,490,2,,,620,1,240,2,,,,,395,6,322,2,,,,,404,9,332,12,,,997,18,421,7,267,4,197,1,412,8,493,15,469,3,386,6,11904,180,7503,117,3538,29,2067,13,4378,83,2739,51,2441,20,2281,14,7513,101,2495,38,1629,33,637,2,2791,37,3160,101,1882,10,1822,15
24/08/2020,1073,18,866,5,2067,48,3084,52,894,7,825,5,,,1054,9,915,17,825,4,1126,20,860,12,816,4,1302,21,1916,39,673,5,538,3,461,2,786,11,657,11,611,2,858,6,393,9,,,503,6,931,22,309,5,,,,,362,1,309,8,334,3,380,1,336,3,221,1,201,1,,,,,,,,,299,4,180,9,180,2,,,572,10,499,3,1046,15,1305,29,484,5,428,6,247,2,631,8,448,10,383,2,600,10,12729,185,9478,116,3521,55,1417,20,6643,100,3234,52,2402,13,5119,91,7236,142,2360,22,1791,14,708,4,3132,33,2509,55,2333,13,2964,37
31/08/2020,1090,28,1040,11,2045,30,3364,101,809,14,938,4,725,7,1232,36,926,20,866,7,1389,22,821,25,885,10,1412,34,2082,61,677,4,672,8,590,4,929,19,809,17,599,2,1100,10,373,10,436,4,634,5,830,13,,,,,362,1,361,4,434,11,,,524,6,,,274,2,420,4,444,2,286,2,135,2,,,,,392,17,,,324,1,765,6,710,5,1397,17,2155,53,626,6,687,4,508,6,1008,17,673,14,592,5,1067,7,14424,280,10576,194,3954,54,2275,30,10188,140,3049,69,3345,32,5908,90,8875,230,2398,26,2432,18,2185,18,3530,76,3234,79,2057,14,4404,46
07/09/2020,1144,30,1050,23,1752,40,2892,76,748,3,954,24,683,4,1155,25,922,13,932,8,1240,16,813,23,895,10,1413,21,1948,35,623,2,749,8,580,2,981,14,707,14,660,5,1046,13,408,21,491,2,632,18,983,19,,,356,1,371,1,423,5,352,3,371,1,482,4,305,1,,,370,5,745,4,395,2,184,1,229,1,361,2,261,2,,,351,4,947,13,934,4,1357,12,2433,38,567,1,796,12,568,8,1168,20,826,9,,,985,8,13472,262,10415,147,4869,75,3201,22,10581,125,3617,88,3370,39,5524,96,9001,172,2333,8,3039,46,2431,16,4088,66,3068,41,1963,14,4104,45
14/09/2020,966,16,1085,25,1695,60,3127,108,618,11,1330,74,699,8,987,22,819,22,911,17,1559,44,756,19,965,18,1171,46,2161,72,542,6,955,35,663,15,859,29,673,14,4,0,1305,24,372,7,519,5,607,23,1139,27,,,461,7,372,5,437,8,387,4,377,5,569,9,,,525,6,432,6,819,10,,,255,1,,,420,2,,,227,1,381,3,640,11,723,16,998,26,1830,61,355,2,974,18,564,10,763,17,485,9,596,8,1199,69,13796,407,10054,278,5240,100,3059,29,9127,247,2734,53,3817,70,4903,161,9076,278,1515,19,3975,135,2298,38,3466,78,2364,49,2115,31,5013,149
21/09/2020,985,33,889,24,1528,56,3008,173,768,33,2039,207,879,26,921,28,591,11,1207,63,1760,80,782,21,793,17,1192,32,1717,86,676,12,1434,106,715,18,789,19,501,9,928,46,1247,45,376,8,445,6,556,16,897,49,318,1,517,27,418,10,399,11,297,4,419,20,547,11,371,1,279,3,217,7,387,17,169,1,216,8,,,361,3,184,3,228,4,239,7,476,9,513,14,822,20,1594,95,385,27,1016,61,589,20,466,14,335,7,750,33,1142,35,14575,734,10774,411,5189,163,2651,54,8088,335,2990,72,2919,64,4315,131,7603,420,2316,74,5222,409,2601,74,2936,75,1908,34,3532,166,4935,178
28/09/2020,1067,70,972,47,1512,110,3786,401,989,64,2882,392,877,72,1034,73,759,26,1447,121,2294,274,848,64,892,28,1199,78,2403,215,776,35,1994,256,686,25,846,67,733,21,1053,96,1698,197,408,13,504,11,641,29,1082,86,407,11,764,90,416,19,429,25,383,6,460,33,742,56,211,1,268,3,483,17,498,17,335,2,211,14,203,3,248,7,301,1,285,10,304,2,467,33,448,28,781,43,1655,208,493,29,1421,144,515,28,521,28,409,19,820,56,1093,83,17619,1650,13128,1082,6236,379,3347,77,8623,699,3001,181,3084,117,4616,277,9424,927,3000,141,7272,896,2697,147,3078,200,2585,73,4065,316,6131,612
05/10/2020,1531,145,1088,73,1919,129,5095,711,1239,117,3253,636,1209,108,1302,134,889,46,1898,204,2218,237,1211,110,1083,76,1569,99,3034,432,981,86,2510,467,956,60,1033,105,742,40,1384,197,1786,176,475,39,627,18,680,28,1442,172,480,29,900,163,563,42,474,34,367,10,628,66,819,54,281,15,479,8,456,18,832,38,376,3,272,19,256,10,335,33,235,4,286,12,399,9,755,50,567,38,1002,83,2312,271,639,57,1654,212,660,50,644,60,361,24,930,119,1229,124,21641,2540,16289,1848,7455,655,4207,169,10753,1088,4253,359,3844,213,5626,357,12715,1624,3715,292,8589,1497,3644,270,3788,366,2594,124,5126,598,6451,600
12/10/2020,1524,191,1321,115,2001,227,5443,838,1453,162,2522,439,995,97,1495,174,1034,93,1806,281,2041,246,1203,136,1168,93,1487,163,3212,478,1088,135,2084,385,817,87,1218,151,918,98,1302,225,1676,184,583,51,614,33,677,63,1492,222,525,48,792,140,444,34,522,67,478,28,573,90,849,89,441,9,500,7,325,14,880,53,315,14,308,48,164,7,448,27,406,1,275,19,369,21,656,67,561,45,996,117,2042,279,598,56,1306,200,620,51,710,60,442,33,989,126,902,91,21635,2863,16173,2135,7549,865,4431,220,9822,1125,4407,454,4164,293,5486,584,13069,1870,3979,415,7012,1212,3040,276,4393,479,3278,253,4945,741,5837,631
19/10/2020,1396,168,1267,98,2088,241,4643,696,1209,180,1838,313,933,101,1317,201,957,102,1861,311,1533,146,1173,163,1174,105,1707,188,3074,517,991,147,1535,254,874,97,1123,168,845,117,1434,254,1235,144,521,64,595,39,829,84,1449,265,450,43,648,122,504,48,496,54,359,30,693,137,640,73,319,26,331,11,400,25,754,75,251,15,265,37,215,22,258,23,245,9,282,13,267,14,517,64,454,45,801,104,1493,197,394,47,649,111,448,58,523,81,318,45,757,92,537,43,19042,2557,15165,2154,7184,959,3587,270,6891,887,3926,485,3821,298,5825,642,11413,1750,3295,432,4935,837,2974,326,3717,527,2724,303,5027,807,4212,420
26/10/2020,1083,92,1136,82,1611,168,3678,416,969,90,1351,195,795,74,1103,138,912,92,1605,224,1353,132,947,98,1071,58,1334,174,2613,328,895,126,1144,167,738,89,955,119,876,108,1078,210,1199,109,449,37,633,34,688,81,1159,144,444,53,537,72,495,27,501,71,431,45,512,81,624,59,280,28,423,20,415,26,586,79,250,26,221,35,253,15,231,39,318,26,293,36,238,10,325,37,285,27,445,77,900,138,266,41,377,76,286,31,357,44,266,29,536,89,386,59,15596,1703,12850,1586,6473,704,3508,340,4429,648,3084,292,3548,221,4493,526,8936,1105,2824,336,3630,545,2567,236,3147,411,2803,300,4024,640,3800,369
02/11/2020,918,80,1051,78,1511,132,2791,303,1007,115,1175,175,674,54,969,97,825,67,1282,161,1155,96,814,91,1117,69,1518,157,2163,221,932,118,981,135,674,53,976,110,729,90,1005,113,1054,59,406,41,653,37,734,73,1164,129,483,46,484,51,453,28,477,39,401,40,560,73,530,36,263,28,449,45,472,39,845,67,309,48,242,21,256,8,311,22,298,11,291,34,348,20,400,38,335,24,532,56,886,73,319,37,473,44,287,15,387,41,331,47,518,54,440,32,13358,1358,11963,1216,6345,593,4084,343,4908,461,2801,278,3605,253,4767,457,7849,793,3050,364,3355,426,2344,158,3120,309,2584,255,3656,435,3527,243
09/11/2020,1108,90,1299,64,1636,164,2929,302,1334,184,1000,87,848,92,1012,63,882,67,1137,112,1287,53,1046,108,1320,96,1466,159,2372,210,1169,133,951,117,854,74,987,83,935,75,941,81,1277,71,526,45,719,34,767,84,1235,87,577,63,489,55,485,36,506,37,444,31,498,62,706,36,410,30,554,16,481,29,795,57,413,48,199,16,252,7,456,21,260,17,267,18,493,27,378,34,439,35,1022,139,960,67,448,32,493,48,476,50,403,18,334,25,536,56,477,29,14472,1278,13318,1207,6952,570,4580,286,5966,533,3468,307,4331,245,5372,575,8291,723,3941,460,3132,323,2915,259,3364,222,2855,215,3379,329,4240,216
16/11/2020,1055,58,1148,36,1556,117,2677,177,1021,81,1037,103,801,49,1045,55,933,47,1212,98,1133,47,932,52,1171,46,1475,116,2189,146,979,77,982,101,785,40,955,48,994,69,963,95,1129,58,478,34,638,24,699,59,1085,89,495,36,564,64,501,21,487,23,449,37,495,54,572,32,296,22,253,7,403,19,698,81,298,29,224,17,295,19,399,15,251,29,275,39,306,23,491,27,448,29,845,67,1006,64,398,32,644,60,510,28,455,18,400,41,619,60,519,31,13618,868,12554,848,6463,473,3698,300,6335,457,3252,193,3658,142,4978,378,7655,557,3191,255,3451,345,2892,157,3341,159,3027,223,3564,346,3659,191
23/11/2020,920,24,1168,39,1430,87,2619,123,728,39,1066,97,746,57,924,44,867,58,1079,66,1161,47,840,52,1266,36,1341,91,1936,108,800,60,1018,80,754,60,885,45,934,81,961,88,1190,56,375,14,641,28,636,46,1025,77,396,35,465,46,465,17,458,25,461,39,461,52,603,20,139,13,370,9,398,10,660,49,218,31,181,16,184,7,246,16,286,14,188,29,256,27,419,15,558,34,629,41,998,32,363,23,716,71,485,28,464,16,483,47,628,44,556,39,12708,681,11925,757,5986,399,3126,221,6299,390,2693,118,4003,146,4434,275,7238,389,2505,188,3446,310,2634,169,2977,146,3031,239,3317,279,3766,189
30/11/2020,1119,80,1314,59,1521,89,2947,115,1017,71,1370,101,781,48,1106,40,1147,75,1262,92,1380,108,925,62,1280,56,1446,100,2182,127,935,76,1108,103,783,53,1016,61,1082,107,1001,86,1347,95,455,36,657,21,736,44,1141,62,480,46,514,28,491,35,456,37,533,59,517,49,630,35,243,20,384,10,394,12,659,25,289,23,187,6,240,21,326,17,345,33,268,31,316,32,551,31,566,24,781,52,1263,85,508,35,784,66,536,48,609,42,598,70,764,76,824,81,14964,878,13105,926,6610,452,3651,230,7784,610,3293,229,4201,170,4878,297,8192,414,3229,251,3963,304,2831,205,3513,197,3705,344,3812,334,4497,351
07/12/2020,1127,93,1336,35,1613,109,3287,154,1109,89,1133,75,890,62,1218,73,1223,140,1327,88,1536,122,969,78,1229,28,1466,121,2395,107,948,85,964,80,847,70,1101,60,1090,126,1038,75,1450,106,463,29,620,14,734,57,1115,69,445,49,479,42,443,43,531,21,500,62,568,45,754,57,304,33,450,17,386,15,643,30,254,28,146,23,166,24,360,13,281,60,331,23,395,21,488,22,468,14,776,76,1139,39,476,37,645,45,559,33,556,25,605,58,704,60,891,74,15799,1040,13497,936,6652,488,3716,287,7307,483,3351,255,4103,108,4975,378,8579,399,3232,288,3367,265,2905,232,3766,192,3699,446,3968,291,5026,380
14/12/2020,1260,80,1403,63,2055,171,4267,220,1268,96,1437,117,1332,115,1460,80,1184,109,1312,121,1832,141,1081,105,1351,45,1772,195,2607,145,1131,78,1198,110,1093,107,1302,77,1171,103,1071,131,1561,111,523,47,682,26,886,83,1090,85,552,53,600,39,631,54,527,29,514,59,510,47,698,64,290,40,307,13,490,28,498,31,257,19,188,24,288,26,364,22,234,38,210,19,285,25,473,24,505,27,870,98,1127,68,419,37,573,32,545,46,579,35,430,35,557,50,787,81,18810,1313,15338,1207,7213,586,3411,285,6865,533,3627,296,4248,174,6073,575,9589,549,3627,283,3996,322,3889,348,4232,243,3533,344,3660,368,5163,422
21/12/2020,1450,130,1454,68,2062,237,4312,384,1263,138,1801,246,1262,136,1570,133,1250,144,1441,193,1748,186,1144,144,1313,69,1640,212,2690,199,1011,100,1302,176,1020,136,1226,104,1088,146,1073,137,1451,163,497,55,663,25,760,107,1098,86,444,53,510,66,477,59,507,51,505,83,468,68,558,44,266,23,423,19,340,41,606,35,155,18,142,16,178,17,223,27,277,47,230,19,210,8,402,34,398,40,664,93,880,85,325,35,533,78,409,48,420,24,309,39,454,40,541,72,19613,1995,14958,1586,6487,697,3050,270,5335,588,3759,386,4251,221,5466,690,9586,789,3198,344,4288,582,3346,396,3946,339,3429,459,3666,457,4508,473
28/12/2020,2068,406,1629,177,3335,801,4913,895,1721,315,2500,487,1756,301,1842,329,1619,347,2361,615,2979,682,1545,315,1507,197,2547,616,3162,506,1392,255,1866,372,1305,209,1465,228,1346,253,1690,412,2226,446,630,115,703,84,1165,268,1436,212,677,135,755,139,709,119,675,109,600,141,721,172,971,171,194,25,376,34,442,85,655,49,254,13,253,32,320,24,319,23,223,44,322,56,296,20,523,117,365,52,945,233,1055,196,476,100,687,127,498,91,498,87,420,60,742,173,853,192,26723,5355,20051,3809,9042,1665,3654,405,7062,1428,4960,978,4580,544,8434,2003,11221,1858,4520,818,6061,1157,4588,744,4799,776,4208,845,5836,1428,7325,1511
04/01/2021,1926,252,1859,151,2971,544,5888,688,1530,180,1975,247,1465,199,1729,166,1615,221,2256,426,2785,515,1672,241,1718,156,2473,480,3555,416,1316,175,1637,209,1286,151,1550,173,1471,220,1707,333,2354,419,683,136,866,76,1192,246,1496,191,564,73,670,67,697,87,616,68,610,104,742,143,1115,190,464,85,544,39,545,64,654,42,359,38,260,37,310,48,341,15,320,55,345,41,512,75,524,78,418,53,834,170,1208,202,382,49,536,92,396,53,412,51,393,67,682,132,882,184,25999,3589,20739,2973,9251,1381,4654,539,6667,1131,5269,792,5405,475,8015,1504,12801,1539,4151,515,5078,652,4154,538,4648,473,4409,667,5732,1075,7648,1383
11/01/2021,1538,164,1617,99,3006,478,4582,391,1217,104,1379,113,1251,142,1558,141,1386,140,1955,273,2180,271,1420,135,1553,111,2536,446,3152,276,1160,135,1226,113,1050,118,1394,120,1329,156,1574,263,2002,241,568,65,716,57,1037,188,1272,130,531,55,515,42,518,62,610,52,541,57,624,135,889,118,253,34,357,33,421,79,625,51,304,30,161,15,255,32,415,22,243,28,282,44,348,49,367,64,358,27,782,151,904,113,303,35,364,41,366,34,376,41,339,54,599,84,575,91,21669,2316,18396,2114,7821,961,3664,417,5333,735,4146,462,4601,327,7782,1342,10535,961,3515,359,3645,324,3440,388,4353,376,3838,435,5034,799,5994,770
18/01/2021,1447,138,1538,90,2521,361,4165,308,1006,60,1207,79,1097,73,1333,87,1220,86,1823,254,1868,165,1322,124,1470,73,2214,347,3023,239,1008,77,1073,74,1003,103,1217,85,1128,97,1397,179,1721,183,487,58,685,39,919,155,1314,127,417,38,512,30,492,38,523,43,502,63,572,84,781,77,168,25,338,12,462,57,632,49,117,18,187,10,107,8,202,18,18,1,231,28,287,31,334,46,336,25,668,127,862,72,227,19,333,23,333,36,336,38,289,34,545,80,496,64,19225,1701,16576,1581,7204,752,2749,257,4759,564,3758,391,4367,239,6784,1047,9996,795,2775,212,3312,216,3032,258,3611,271,3157,281,4568,625,5153,520
25/01/2021,1357,105,1429,71,2360,301,3922,211,979,60,1081,55,930,48,1274,62,1146,69,1666,180,1556,130,1275,84,1377,56,2132,248,2827,182,987,69,993,51,911,53,1299,71,1156,102,1306,154,1517,123,479,33,669,45,867,104,1260,85,469,40,556,22,502,30,580,27,469,36,533,67,693,55,240,10,403,23,332,46,679,33,268,15,151,9,225,20,299,13,135,14,265,18,280,29,322,31,303,28,600,89,771,79,248,27,302,17,280,30,341,20,257,17,444,71,432,52,17700,1292,15780,1193,7077,544,3277,230,4300,461,3673,263,4181,223,6291,788,9459,590,2951,211,3083,154,2848,181,3793,193,3163,238,4214,490,4478,389
01/02/2021,1266,69,1411,57,2054,176,3720,192,917,46,1039,51,786,26,1194,47,1074,62,1503,141,1568,101,1157,89,1429,58,1903,172,2828,172,938,44,941,51,840,35,1204,41,1104,64,1284,136,1450,101,518,32,675,25,861,81,1283,59,421,28,489,19,478,20,553,16,510,22,534,67,653,34,301,15,464,10,389,25,677,24,192,7,148,6,249,3,448,5,316,12,193,15,368,24,297,27,288,11,537,72,733,84,253,17,322,26,285,15,263,10,252,16,403,44,443,45,16532,968,15078,963,6975,403,3745,146,4076,367,3539,232,4267,161,5744,526,9241,531,2721,142,2939,153,2638,99,3662,119,3256,176,3917,403,4482,305
08/02/2021,1083,56,1228,37,1779,175,3374,160,894,44,880,38,616,15,1007,40,905,36,1376,128,1275,55,991,53,1269,36,1601,145,2536,123,863,30,930,39,648,16,1042,42,973,39,1125,88,1251,62,452,14,581,24,673,49,1111,47,426,20,435,14,393,8,488,18,455,21,419,43,557,22,214,11,208,4,348,16,491,11,259,4,183,11,182,4,277,4,184,6,170,16,191,9,268,19,216,11,449,41,644,42,242,13,236,25,178,9,243,7,200,8,393,41,310,20,14417,784,13229,673,5990,280,2707,96,3379,236,3008,153,3502,112,4850,426,8156,383,2684,111,2664,127,2017,52,3057,111,2717,110,3483,316,3584,168
15/02/2021,1092,49,36,1,1733,129,3497,200,893,41,985,54,659,22,1133,66,1016,81,1317,104,1178,44,1037,34,1322,46,1636,113,2716,135,850,39,924,27,711,18,1141,40,1060,64,1101,94,1227,38,425,16,636,18,666,39,1278,62,405,17,482,9,418,7,505,16,485,18,413,42,553,9,180,9,264,7,274,18,614,10,160,1,172,6,130,3,223,5,227,3,154,3,203,4,261,14,228,11,442,48,713,55,203,8,233,17,225,10,255,14,212,18,352,28,303,15,13539,791,13725,648,6266,253,2601,69,3427,238,2995,122,2486,83,4751,347,8818,462,2511,106,2796,113,2143,60,3257,141,3000,184,3337,271,3464,110
